first_seen_utc,ioc_id,ioc_value,threat_type,malware_printable,tags
2026-05-11 11:45:53,1811018,38.55.124.41,botnet_cc,Cobalt Strike,"CobaltStrike,drb-ra"
2026-05-11 11:45:45,1811017,172.245.28.187,botnet_cc,Cobalt Strike,"CobaltStrike,drb-ra"
2026-05-11 11:45:33,1811016,117.72.198.62,botnet_cc,Cobalt Strike,"CobaltStrike,drb-ra"
2026-05-11 10:27:20,1811000,176.9.29.205,botnet_cc,Vidar,Vidar
2026-05-11 10:27:20,1811001,88.198.103.90,botnet_cc,Vidar,Vidar
2026-05-11 10:27:20,1811002,178.63.30.48,botnet_cc,Vidar,Vidar
2026-05-11 10:27:19,1810991,88.198.103.91,botnet_cc,Vidar,Vidar
2026-05-11 10:27:19,1810992,178.63.30.143,botnet_cc,Vidar,Vidar
2026-05-11 10:27:19,1810993,178.63.30.62,botnet_cc,Vidar,Vidar
2026-05-11 10:27:19,1810994,88.198.103.95,botnet_cc,Vidar,Vidar
2026-05-11 10:27:19,1810995,88.198.103.92,botnet_cc,Vidar,Vidar
2026-05-11 10:27:19,1810996,178.63.30.34,botnet_cc,Vidar,Vidar
2026-05-11 10:27:19,1810997,88.198.103.93,botnet_cc,Vidar,Vidar
2026-05-11 10:27:19,1810998,88.198.103.94,botnet_cc,Vidar,Vidar
2026-05-11 10:27:19,1810999,88.198.103.88,botnet_cc,Vidar,Vidar
2026-05-11 10:27:18,1810990,88.198.103.89,botnet_cc,Vidar,Vidar
2026-05-11 09:45:20,1810966,91.92.243.63,botnet_cc,DCRat,"DCRat,drb-ra,RAT"
2026-05-11 09:45:20,1810967,91.92.243.63,botnet_cc,DCRat,"DCRat,drb-ra,RAT"
2026-05-11 09:45:15,1810965,89.42.134.220,botnet_cc,AsyncRAT,"AsyncRAT,drb-ra,RAT"
2026-05-11 09:44:59,1810964,78.47.143.18,botnet_cc,Remcos,"drb-ra,RAT,RemcosRAT"
2026-05-11 09:44:44,1810963,5.101.81.81,botnet_cc,Remcos,"drb-ra,RAT,RemcosRAT"
2026-05-11 09:44:38,1810962,45.153.34.51,botnet_cc,Remcos,"drb-ra,RAT,RemcosRAT"
2026-05-11 09:44:36,1810961,44.215.161.149,botnet_cc,Havoc,"drb-ra,Havoc"
2026-05-11 09:44:35,1810960,43.133.149.36,botnet_cc,Unknown malware,"drb-ra,Mythic"
2026-05-11 09:44:29,1810959,31.57.184.154,botnet_cc,AsyncRAT,"AsyncRAT,drb-ra,RAT"
2026-05-11 09:43:46,1810958,20.114.142.61,botnet_cc,Unknown malware,"drb-ra,Mythic"
2026-05-11 09:43:42,1810957,194.163.175.135,botnet_cc,AdaptixC2,"AdaptixC2,drb-ra"
2026-05-11 09:43:41,1810956,193.169.194.19,botnet_cc,Remcos,"drb-ra,RAT,RemcosRAT"
2026-05-11 09:43:35,1810955,185.242.245.27,botnet_cc,AdaptixC2,"AdaptixC2,drb-ra"
2026-05-11 09:43:34,1810954,185.212.128.76,botnet_cc,Evilginx,"drb-ra,Evilginx,EvilGoPhish"
2026-05-11 09:43:26,1810952,172.239.57.52,botnet_cc,AdaptixC2,"AdaptixC2,drb-ra"
2026-05-11 09:43:26,1810953,172.245.97.237,botnet_cc,Evilginx,"drb-ra,Evilginx,EvilGoPhish"
2026-05-11 09:43:24,1810951,168.222.97.106,botnet_cc,AsyncRAT,"AsyncRAT,drb-ra,RAT"
2026-05-11 09:43:20,1810950,158.94.210.70,botnet_cc,AsyncRAT,"AsyncRAT,drb-ra,RAT"
2026-05-11 09:43:15,1810949,144.91.78.57,botnet_cc,Remcos,"drb-ra,RAT,RemcosRAT"
2026-05-11 09:43:11,1810948,137.184.38.192,botnet_cc,AsyncRAT,"AsyncRAT,drb-ra,RAT"
2026-05-11 09:43:09,1810947,130.12.182.209,botnet_cc,AsyncRAT,"AsyncRAT,drb-ra,RAT"
2026-05-11 07:22:09,1810940,192.3.171.227,botnet_cc,XWorm,xworm
2026-05-11 07:22:05,1810939,104.168.5.18,botnet_cc,XWorm,xworm
2026-05-10 23:45:17,1810462,150.158.109.61,botnet_cc,Cobalt Strike,"CobaltStrike,drb-ra"
2026-05-10 23:45:07,1810461,112.213.106.53,botnet_cc,Cobalt Strike,"CobaltStrike,drb-ra"
2026-05-10 21:36:57,1810432,199.247.14.16,botnet_cc,Unknown malware,"ChromeExtension,GlassWorm,RAT"
2026-05-10 21:36:57,1810433,199.247.14.16,botnet_cc,Unknown malware,"ChromeExtension,GlassWorm,RAT"
2026-05-10 21:36:57,1810434,199.247.14.16,botnet_cc,Unknown malware,"ChromeExtension,GlassWorm,RAT"
2026-05-10 19:44:55,1810418,64.23.231.32,botnet_cc,Sliver,"drb-ra,Sliver"
2026-05-10 19:44:52,1810417,5.78.110.145,botnet_cc,DanaBot,"DanBot,drb-ra"
2026-05-10 19:44:43,1810416,46.109.239.103,botnet_cc,AsyncRAT,"AsyncRAT,drb-ra,RAT"
2026-05-10 19:44:38,1810415,44.206.172.239,botnet_cc,Unknown malware,"drb-ra,Mythic"
2026-05-10 19:44:31,1810414,31.57.184.154,botnet_cc,AsyncRAT,"AsyncRAT,drb-ra,RAT"
2026-05-10 19:44:30,1810413,24.134.4.221,botnet_cc,NetSupportManager RAT,"drb-ra,NetSupport,RAT"
2026-05-10 19:43:51,1810412,209.99.188.44,botnet_cc,Unknown malware,"drb-ra,Mythic"
2026-05-10 19:43:45,1810410,195.123.240.236,botnet_cc,RansomHub,"drb-ra,RansomHub"
2026-05-10 19:43:45,1810411,195.123.240.236,botnet_cc,RansomHub,"drb-ra,RansomHub"
2026-05-10 19:43:39,1810408,189.34.188.6,botnet_cc,NetSupportManager RAT,"drb-ra,NetSupport,RAT"
2026-05-10 19:43:39,1810409,189.34.188.6,botnet_cc,NetSupportManager RAT,"drb-ra,NetSupport,RAT"
2026-05-10 19:43:32,1810407,178.16.55.171,botnet_cc,Eye Pyramid,"drb-ra,EyePyramid"
2026-05-10 19:43:31,1810406,178.105.40.204,botnet_cc,Havoc,"drb-ra,Havoc"
2026-05-10 19:43:15,1810405,138.9.237.106,botnet_cc,Remcos,"drb-ra,RAT,RemcosRAT"
2026-05-10 19:43:11,1810404,130.49.214.74,botnet_cc,AsyncRAT,"AsyncRAT,drb-ra,RAT"
2026-05-10 18:54:13,1810387,110.41.76.236,botnet_cc,Cobalt Strike,"CobaltStrike,cs-watermark-987654321"
2026-05-10 18:53:34,1810386,87.121.89.170,botnet_cc,Cobalt Strike,"CobaltStrike,cs-watermark-987654321"
2026-05-10 18:53:28,1810385,38.147.170.246,botnet_cc,Cobalt Strike,"CobaltStrike,cs-watermark-666666666"
2026-05-10 18:42:43,1809697,172.233.46.13,botnet_cc,Kimwolf,"c2,Kimwolf"
2026-05-10 18:42:42,1809698,172.235.160.166,botnet_cc,Kimwolf,"c2,Kimwolf"
2026-05-10 18:42:41,1809699,172.239.238.87,botnet_cc,Kimwolf,"c2,Kimwolf"
2026-05-10 18:42:40,1809700,172.239.238.115,botnet_cc,Kimwolf,"c2,Kimwolf"
2026-05-10 18:42:35,1809701,172.239.238.125,botnet_cc,Kimwolf,"c2,Kimwolf"
2026-05-10 18:42:34,1809702,172.239.238.148,botnet_cc,Kimwolf,"c2,Kimwolf"
2026-05-10 18:42:33,1809704,172.239.238.152,botnet_cc,Kimwolf,"c2,Kimwolf"
2026-05-10 18:42:33,1809705,172.235.160.185,botnet_cc,Kimwolf,"c2,Kimwolf"
2026-05-10 18:42:32,1809706,172.233.46.59,botnet_cc,Kimwolf,"c2,Kimwolf"
2026-05-10 18:42:31,1809707,172.239.238.254,botnet_cc,Kimwolf,"c2,Kimwolf"
2026-05-10 18:42:12,1809980,129.211.2.123,botnet_cc,Cobalt Strike,"45090,c2,censys,cobalt strike"
2026-05-10 18:42:11,1809981,64.176.36.41,botnet_cc,Cobalt Strike,"20473,c2,censys,cobalt strike"
2026-05-10 18:42:10,1809982,193.112.165.165,botnet_cc,Cobalt Strike,"45090,c2,censys,cobalt strike"
2026-05-10 18:42:09,1809983,38.147.170.246,botnet_cc,Cobalt Strike,"139659,c2,censys,cobalt strike"
2026-05-10 18:42:09,1809984,1.92.101.103,botnet_cc,Cobalt Strike,"55990,c2,censys,cobalt strike"
2026-05-10 18:42:06,1809985,51.49.154.73,botnet_cc,Meterpreter,"16509,c2,censys,metasploit"
2026-05-10 18:42:05,1809986,18.61.24.85,botnet_cc,Meterpreter,"16509,c2,censys,metasploit"
2026-05-10 18:42:04,1809987,15.152.97.87,botnet_cc,Meterpreter,"16509,c2,censys,metasploit"
2026-05-10 18:42:03,1809988,3.11.8.247,botnet_cc,Meterpreter,"16509,c2,censys,metasploit"
2026-05-10 18:42:02,1809989,49.228.131.165,botnet_cc,Quasar RAT,"133481,c2,censys,quasar"
2026-05-10 18:42:01,1809990,13.53.214.62,botnet_cc,Meterpreter,"16509,c2,censys,metasploit"
2026-05-10 18:41:07,1810046,38.210.210.16,payload_delivery,Unknown malware,"banker,brazilian-banker,dotnet,hetzner,mexico,sky_blackrock,skywalker"
2026-05-10 18:41:05,1810047,65.109.55.181,payload_delivery,Unknown malware,"banker,brazilian-banker,dotnet,hetzner,mexico,sky_blackrock,skywalker"
2026-05-10 18:41:04,1810048,178.156.225.48,payload_delivery,Unknown malware,"banker,brazilian-banker,dotnet,hetzner,mexico,sky_blackrock,skywalker"
2026-05-10 18:40:58,1810067,8.218.254.115,botnet_cc,Unknown malware,"Alibaba (US) Technology Co.  Ltd.,AS45102,supershell"
2026-05-10 18:40:56,1810247,172.235.182.55,botnet_cc,Kimwolf,"c2,Kimwolf"
2026-05-10 18:40:55,1810246,172.235.182.77,botnet_cc,Kimwolf,"c2,Kimwolf"
2026-05-10 18:40:54,1810245,172.233.43.79,botnet_cc,Kimwolf,"c2,Kimwolf"
2026-05-10 18:40:53,1810244,172.235.182.100,botnet_cc,Kimwolf,"c2,Kimwolf"
2026-05-10 18:40:52,1810243,172.233.43.32,botnet_cc,Kimwolf,"c2,Kimwolf"
2026-05-10 18:40:51,1810240,172.235.182.79,botnet_cc,Kimwolf,"c2,Kimwolf"
2026-05-10 18:40:51,1810241,172.235.182.4,botnet_cc,Kimwolf,"c2,Kimwolf"
2026-05-10 18:40:47,1810238,172.235.182.110,botnet_cc,Kimwolf,"c2,Kimwolf"
2026-05-10 18:40:46,1810237,172.235.182.64,botnet_cc,Kimwolf,"c2,Kimwolf"
2026-05-10 18:40:45,1810236,172.235.182.112,botnet_cc,Kimwolf,"c2,Kimwolf"
2026-05-10 18:40:19,1810269,144.48.124.90,botnet_cc,Unknown malware,"AS132839,POWER LINE DATACENTER,supershell"
2026-05-10 18:40:14,1810272,176.65.139.183,botnet_cc,Mirai,mirai
2026-05-10 18:40:07,1810316,193.221.201.244,botnet_cc,RedLine Stealer,redline
2026-05-10 18:40:02,1810320,172.235.166.249,botnet_cc,Kimwolf,"c2,Kimwolf"
2026-05-10 18:40:01,1810321,172.239.233.188,botnet_cc,Kimwolf,"c2,Kimwolf"
2026-05-10 18:40:00,1810322,172.233.44.73,botnet_cc,Kimwolf,"c2,Kimwolf"
2026-05-10 18:39:58,1810323,172.239.233.203,botnet_cc,Kimwolf,"c2,Kimwolf"
2026-05-10 18:39:57,1810325,172.233.61.175,botnet_cc,Kimwolf,"c2,Kimwolf"
2026-05-10 18:39:56,1810326,172.233.61.189,botnet_cc,Kimwolf,"c2,Kimwolf"
2026-05-10 18:39:55,1810327,172.239.233.162,botnet_cc,Kimwolf,"c2,Kimwolf"
2026-05-10 18:39:54,1810329,172.233.49.140,botnet_cc,Kimwolf,"c2,Kimwolf"
2026-05-10 18:39:53,1810330,172.235.166.230,botnet_cc,Kimwolf,"c2,Kimwolf"
2026-05-10 18:39:49,1810333,43.142.51.69,botnet_cc,VShell,"c2,loader,vshell"
2026-05-10 18:39:48,1810340,172.233.45.171,botnet_cc,Kimwolf,"c2,Kimwolf"
2026-05-10 18:39:14,1809573,172.235.175.47,botnet_cc,Kimwolf,"c2,Kimwolf"
2026-05-10 18:39:13,1809571,172.235.175.137,botnet_cc,Kimwolf,"c2,Kimwolf"
2026-05-10 18:39:09,1809570,172.235.175.121,botnet_cc,Kimwolf,"c2,Kimwolf"
2026-05-10 18:39:08,1809569,172.233.46.84,botnet_cc,Kimwolf,"c2,Kimwolf"
2026-05-10 18:39:07,1809568,172.235.175.103,botnet_cc,Kimwolf,"c2,Kimwolf"
2026-05-10 18:39:05,1809567,172.235.175.67,botnet_cc,Kimwolf,"c2,Kimwolf"
2026-05-10 18:39:04,1809564,172.235.175.53,botnet_cc,Kimwolf,"c2,Kimwolf"
2026-05-10 18:39:03,1809563,172.235.175.62,botnet_cc,Kimwolf,"c2,Kimwolf"
2026-05-10 18:39:01,1809537,178.208.87.109,botnet_cc,Unknown malware,c2
2026-05-10 18:38:53,1809511,144.48.124.94,botnet_cc,Unknown malware,"AS132839,POWER LINE DATACENTER,supershell"
2026-05-10 18:38:51,1809509,144.48.124.92,botnet_cc,Unknown malware,"AS132839,POWER LINE DATACENTER,supershell"
2026-05-10 10:45:37,1810194,142.171.172.100,botnet_cc,Cobalt Strike,"CobaltStrike,drb-ra"
2026-05-10 09:44:56,1810170,57.158.27.132,botnet_cc,Sliver,"drb-ra,Sliver"
2026-05-10 09:44:39,1810169,43.133.149.36,botnet_cc,Unknown malware,"drb-ra,Mythic"
2026-05-10 09:43:50,1810168,207.56.2.25,botnet_cc,Unknown malware,"drb-ra,Mythic"
2026-05-10 09:43:47,1810167,198.23.185.234,botnet_cc,AsyncRAT,"AsyncRAT,drb-ra,RAT"
2026-05-10 09:43:45,1810166,194.26.192.229,botnet_cc,AsyncRAT,"AsyncRAT,drb-ra,RAT"
2026-05-10 09:43:41,1810165,192.159.99.183,botnet_cc,Evilginx,"drb-ra,Evilginx,EvilGoPhish"
2026-05-10 09:43:33,1810164,179.43.134.189,botnet_cc,Remcos,"drb-ra,RAT,RemcosRAT"
2026-05-10 09:43:31,1810163,175.27.164.136,botnet_cc,Unknown malware,"drb-ra,Mythic"
2026-05-10 09:43:27,1810162,172.245.152.57,botnet_cc,Havoc,"drb-ra,Havoc"
2026-05-09 19:44:46,1809758,82.25.35.113,botnet_cc,DCRat,"DCRat,drb-ra,RAT"
2026-05-09 19:44:38,1809756,5.180.46.180,botnet_cc,Evilginx,"drb-ra,Evilginx,EvilGoPhish"
2026-05-09 19:43:46,1809754,213.130.25.141,botnet_cc,NetSupportManager RAT,"drb-ra,NetSupport,RAT"
2026-05-09 19:43:41,1809753,198.167.212.165,botnet_cc,AsyncRAT,"AsyncRAT,drb-ra,RAT"
2026-05-09 19:43:40,1809751,194.26.192.229,botnet_cc,AsyncRAT,"AsyncRAT,drb-ra,RAT"
2026-05-09 19:43:40,1809752,194.26.192.229,botnet_cc,AsyncRAT,"AsyncRAT,drb-ra,RAT"
2026-05-09 19:43:24,1809750,168.144.89.48,botnet_cc,AdaptixC2,"AdaptixC2,drb-ra"
2026-05-09 19:43:23,1809749,167.99.151.149,botnet_cc,Unknown malware,"drb-ra,Mythic"
2026-05-09 19:43:13,1809747,138.9.223.13,botnet_cc,Remcos,"drb-ra,RAT,RemcosRAT"
2026-05-09 19:43:13,1809748,138.9.41.254,botnet_cc,Remcos,"drb-ra,RAT,RemcosRAT"
2026-05-09 16:50:03,1809655,5.102.97.149,botnet_cc,Nanocore RAT,"NanoCore,RAT"
